height,>,154,age,>,77,sex,=,0,income,=,0#21211
height,<,162,age,<,48,sex,=,0,income,=,0,hoursperweek,>,85#3845
height,<,159,age,>,24,sex,=,0,income,=,1,occupation,=,5#216658
height,>,171,age,<,52,sex,=,1,income,=,1,relationship,=,5#609
height,<,163,age,<,36,sex,=,1,income,=,0,maritalstatus,=,5#1615
height,>,158,age,>,71,sex,=,0,income,=,0,education,=,8#10699
height,>,167,age,<,23,sex,=,1,income,=,0,relationship,=,3#18684
height,<,179,age,>,64,sex,=,1,income,=,0,nativecountry,=,9#4519
height,<,167,age,>,89,sex,=,1,income,=,0,race,=,0#10599
height,<,165,age,>,48,sex,=,1,income,=,1,nativecountry,=,3#6282
height,>,154,age,>,69,sex,=,0,income,=,0,workclass,=,4#9963
height,<,181,age,<,39,sex,=,0,income,=,0,hoursperweek,<,2#353
height,<,155,age,<,71,sex,=,0,income,=,0,workclass,=,1#1000
height,<,165,age,>,69,sex,=,1,income,=,1,maritalstatus,=,0#70
height,>,156,age,>,60,sex,=,0,income,=,1,race,=,1#3569
height,>,177,age,<,38,sex,=,1,income,=,0,education,=,14#8441
height,<,164,age,>,31,sex,=,1,income,=,0,nativecountry,=,36#4946
height,<,180,age,<,27,sex,=,0,income,=,0,maritalstatus,=,6#2216
height,>,174,age,<,68,sex,=,1,income,=,0,nativecountry,=,12#210
height,<,156,age,<,67,sex,=,1,income,=,1,occupation,=,8#3814
height,<,165,age,>,74,sex,=,0,income,=,0,hoursperweek,<,17#17639
height,<,168,age,>,79,sex,=,0,income,=,0,education,=,13#19556
height,<,170,age,>,64,sex,=,1,income,=,1,relationship,=,1#1228
height,<,151,age,<,86,sex,=,0,income,=,0,occupation,=,9#5421
height,>,179,age,<,38,sex,=,1,income,=,1,relationship,=,3#11575
height,>,178,age,<,37,sex,=,1,income,=,0,maritalstatus,=,5#12783
height,<,164,age,<,77,sex,=,0,income,=,1,workclass,=,6#7010
height,<,152,age,<,37,sex,=,0,income,=,0,education,=,0#3083
height,>,163,age,>,33,sex,=,1,income,=,1,nativecountry,=,13#7657
height,<,163,age,>,78,sex,=,0,income,=,0,race,=,1#96128
height,>,178,age,<,62,sex,=,1,income,=,1,occupation,=,3#2180
height,<,169,age,>,69,sex,=,1,income,=,0,nativecountry,=,34#28730
height,<,172,age,<,19,sex,=,0,income,=,0,education,=,15#2910
height,>,174,age,<,50,sex,=,1,income,=,1,nativecountry,=,38#22944
height,>,164,age,<,85,sex,=,1,income,=,1,nativecountry,=,11#3026
height,>,155,age,<,37,sex,=,0,income,=,1,hoursperweek,>,81#21544
height,<,154,age,<,73,sex,=,1,income,=,1,hoursperweek,>,54#2360
height,>,168,age,<,75,sex,=,1,income,=,1,education,=,14#5863
height,<,164,age,>,30,sex,=,1,income,=,1,race,=,1#1982
height,>,153,age,<,42,sex,=,1,income,=,0,nativecountry,=,28#1207
height,<,152,age,<,66,sex,=,0,income,=,1,education,=,12#2407
height,>,169,age,<,79,sex,=,1,income,=,1,education,=,5#2987
height,<,157,age,<,41,sex,=,1,income,=,0,hoursperweek,>,75#12576
height,<,151,age,<,62,sex,=,1,income,=,1,occupation,=,11#266
height,<,176,age,>,19,sex,=,0,income,=,1,nativecountry,=,17#1063
height,<,157,age,>,22,sex,=,0,income,=,1,educationnum,<,15#371236
height,<,181,age,>,19,sex,=,0,income,=,0,education,=,15#2644
height,<,158,age,>,21,sex,=,1,income,=,1,maritalstatus,=,2#119724
height,>,170,age,>,64,sex,=,1,income,=,1,maritalstatus,=,3#1219
height,>,166,age,>,22,sex,=,0,income,=,0,nativecountry,=,35#4381
height,<,174,age,>,73,sex,=,1,income,=,1,hoursperweek,>,54#608
height,<,156,age,<,40,sex,=,1,income,=,1,relationship,=,3#3545
height,>,180,age,<,87,sex,=,0,income,=,0,educationnum,<,19#929
height,>,180,age,<,52,sex,=,1,income,=,1,educationnum,<,5#15761
height,<,153,age,<,89,sex,=,1,income,=,0,occupation,=,5#7557
height,<,161,age,<,34,sex,=,0,income,=,1,race,=,4#2445
height,<,172,age,>,55,sex,=,0,income,=,0,relationship,=,5#1125
height,<,175,age,>,87,sex,=,0,income,=,1,hoursperweek,>,17#9238
height,<,169,age,<,26,sex,=,0,income,=,0,nativecountry,=,30#1159
height,>,180,age,>,25,sex,=,1,income,=,1,education,=,3#13637
height,<,157,age,<,60,sex,=,1,income,=,1,maritalstatus,=,3#5785
height,>,167,age,>,64,sex,=,0,income,=,0,race,=,4#1383
height,<,161,age,>,86,sex,=,0,income,=,0,workclass,=,0#23317
height,>,172,age,>,62,sex,=,1,income,=,1,occupation,=,10#70
height,<,162,age,<,20,sex,=,0,income,=,1,education,=,12#10565
height,<,177,age,>,63,sex,=,1,income,=,1,relationship,=,1#3367
height,<,167,age,>,67,sex,=,1,income,=,0,occupation,=,3#646
height,<,165,age,>,53,sex,=,1,income,=,1,race,=,3#5510
height,<,169,age,<,67,sex,=,1,income,=,1,race,=,4#641
height,<,152,age,<,89,sex,=,1,income,=,1,education,=,4#4030
height,>,173,age,>,48,sex,=,0,income,=,1,occupation,=,12#40657
height,>,178,age,>,27,sex,=,1,income,=,1,hoursperweek,<,26#51085
height,>,166,age,<,32,sex,=,0,income,=,1,nativecountry,=,33#5408
height,<,160,age,<,50,sex,=,1,income,=,0,education,=,13#4469
height,<,168,age,>,74,sex,=,0,income,=,0,educationnum,>,5#4459
height,>,153,age,>,62,sex,=,0,income,=,0,relationship,=,3#2442
height,<,155,age,<,28,sex,=,0,income,=,0,race,=,2#1587
height,<,152,age,<,29,sex,=,1,income,=,1,occupation,=,1#4040
height,<,167,age,<,27,sex,=,1,income,=,1,race,=,4#2469
height,<,180,age,>,76,sex,=,1,income,=,1,occupation,=,10#790
height,<,176,age,>,78,sex,=,1,income,=,0,nativecountry,=,9#794
height,>,173,age,>,69,sex,=,1,income,=,0,educationnum,>,12#5168
height,>,176,age,<,48,sex,=,1,income,=,0,workclass,=,6#1666
height,<,155,age,<,65,sex,=,0,income,=,1,workclass,=,4#924
height,<,174,age,>,81,sex,=,1,income,=,0,race,=,1#106940
height,>,162,age,<,31,sex,=,1,income,=,1,nativecountry,=,5#10029
height,>,172,age,>,76,sex,=,0,income,=,0,workclass,=,5#39059
height,>,155,age,<,26,sex,=,1,income,=,1,maritalstatus,=,6#9695
height,>,155,age,<,57,sex,=,0,income,=,0,nativecountry,=,12#4163
height,>,170,age,>,79,sex,=,1,income,=,1,hoursperweek,<,93#10029
height,<,170,age,>,88,sex,=,0,income,=,0,relationship,=,4#3051
height,>,175,age,<,73,sex,=,0,income,=,0,nativecountry,=,23#10520
height,<,178,age,<,39,sex,=,0,income,=,0,nativecountry,=,14#1184
height,>,179,age,<,85,sex,=,0,income,=,1,occupation,=,11#16306
height,<,174,age,<,50,sex,=,1,income,=,0,nativecountry,=,17#1632
height,<,161,age,>,45,sex,=,0,income,=,1,nativecountry,=,9#21674
height,>,168,age,<,22,sex,=,0,income,=,0,education,=,6#10674
height,>,180,age,>,23,sex,=,1,income,=,0,workclass,=,1#4750
height,>,172,age,>,23,sex,=,1,income,=,0,nativecountry,=,5#3133
height,<,164,age,<,38,sex,=,0,income,=,0,hoursperweek,>,90#5539
height,<,166,age,>,60,sex,=,0,income,=,1,race,=,4#926
height,<,166,age,>,63,sex,=,0,income,=,1,race,=,4#5908
height,<,158,age,<,70,sex,=,1,income,=,1,nativecountry,=,33#22794
height,>,169,age,>,70,sex,=,1,income,=,0,nativecountry,=,19#37798
height,>,163,age,<,39,sex,=,1,income,=,1,maritalstatus,=,5#793
height,<,154,age,<,21,sex,=,1,income,=,1,education,=,3#43896
height,<,164,age,<,50,sex,=,0,income,=,1,hoursperweek,<,14#819
height,>,162,age,>,84,sex,=,1,income,=,0,race,=,3#21792
height,<,163,age,>,66,sex,=,0,income,=,1,occupation,=,10#3957
height,<,164,age,>,69,sex,=,1,income,=,0,maritalstatus,=,1#1386
height,>,159,age,>,89,sex,=,0,income,=,1,education,=,1#7106
height,>,173,age,<,66,sex,=,1,income,=,0,hoursperweek,>,84#63235
height,<,165,age,<,29,sex,=,1,income,=,0,maritalstatus,=,5#96
height,>,156,age,>,65,sex,=,1,income,=,1,workclass,=,1#1384
height,>,178,age,<,34,sex,=,0,income,=,1,nativecountry,=,23#10674
height,>,168,age,>,63,sex,=,1,income,=,0,workclass,=,2#2372
height,>,153,age,>,74,sex,=,0,income,=,1,maritalstatus,=,5#29595
height,>,160,age,<,40,sex,=,0,income,=,1,nativecountry,=,34#8527
height,>,157,age,<,43,sex,=,1,income,=,1,nativecountry,=,32#5383
height,<,152,age,<,45,sex,=,0,income,=,1,workclass,=,6#15391
height,<,172,age,<,19,sex,=,0,income,=,0,nativecountry,=,32#20113
height,<,174,age,>,63,sex,=,1,income,=,1,relationship,=,0#1995
height,>,165,age,>,20,sex,=,0,income,=,0,nativecountry,=,26#5428
height,>,169,age,>,52,sex,=,0,income,=,1,maritalstatus,=,5#4872
height,<,178,age,>,64,sex,=,1,income,=,0,occupation,=,0#164
height,>,156,age,>,84,sex,=,1,income,=,0,race,=,3#13429
height,<,175,age,<,84,sex,=,1,income,=,1,maritalstatus,=,6#4564
height,<,167,age,>,83,sex,=,0,income,=,1,race,=,3#74956
height,<,161,age,<,66,sex,=,1,income,=,1,maritalstatus,=,4#3082
height,>,177,age,>,18,sex,=,1,income,=,0,hoursperweek,<,7#16882
height,<,160,age,<,79,sex,=,0,income,=,0,race,=,4#3487
height,>,163,age,<,52,sex,=,1,income,=,0,education,=,15#3198
height,<,175,age,>,82,sex,=,0,income,=,1,hoursperweek,>,66#28302
height,>,176,age,<,56,sex,=,0,income,=,1,nativecountry,=,24#5064
height,>,165,age,>,79,sex,=,1,income,=,1,race,=,4#28365
height,<,152,age,<,59,sex,=,0,income,=,1,maritalstatus,=,4#1084
height,>,161,age,>,49,sex,=,0,income,=,1,education,=,6#1143
height,>,150,age,>,78,sex,=,0,income,=,0,educationnum,<,17#3184
height,<,156,age,<,32,sex,=,1,income,=,1,workclass,=,6#63
height,>,163,age,>,76,sex,=,1,income,=,0,nativecountry,=,16#14575
height,>,173,age,<,30,sex,=,0,income,=,1,workclass,=,4#9316
height,>,159,age,>,21,sex,=,0,income,=,1,maritalstatus,=,6#2799
height,<,151,age,<,40,sex,=,0,income,=,1,education,=,7#6168
height,>,174,age,>,26,sex,=,1,income,=,1,maritalstatus,=,3#19477
height,>,172,age,>,64,sex,=,1,income,=,1,education,=,14#58542
height,<,160,age,<,46,sex,=,1,income,=,1,occupation,=,9#3209
height,>,171,age,<,48,sex,=,0,income,=,0,occupation,=,12#178
height,>,174,age,<,77,sex,=,0,income,=,0,occupation,=,5#2911
height,>,171,age,>,84,sex,=,0,income,=,1,relationship,=,0#4664
height,<,178,age,>,82,sex,=,1,income,=,1,educationnum,>,7#17710
height,<,165,age,<,46,sex,=,0,income,=,0,nativecountry,=,3#1697
height,<,170,age,>,66,sex,=,1,income,=,0,occupation,=,8#5193
height,<,180,age,>,60,sex,=,0,income,=,0,occupation,=,11#2026
height,<,158,age,<,78,sex,=,0,income,=,1,occupation,=,11#2332
height,<,181,age,>,81,sex,=,1,income,=,0,educationnum,>,18#31574
height,>,153,age,>,35,sex,=,0,income,=,1,nativecountry,=,19#3092
height,<,167,age,>,20,sex,=,0,income,=,0,hoursperweek,<,7#397
height,>,167,age,>,57,sex,=,1,income,=,0,race,=,2#10
height,>,171,age,>,55,sex,=,1,income,=,1,education,=,15#2151
height,<,161,age,<,38,sex,=,1,income,=,0,relationship,=,3#903
height,>,157,age,>,58,sex,=,0,income,=,1,education,=,5#2030
height,<,172,age,>,68,sex,=,0,income,=,0,maritalstatus,=,6#39762
height,>,162,age,>,63,sex,=,0,income,=,1,educationnum,<,4#2871
height,>,168,age,>,72,sex,=,0,income,=,1,occupation,=,1#7814
height,<,180,age,>,86,sex,=,0,income,=,0,maritalstatus,=,0#25523
height,>,154,age,>,74,sex,=,0,income,=,1,nativecountry,=,14#11721
height,>,168,age,>,73,sex,=,0,income,=,1,occupation,=,6#337
height,>,176,age,>,25,sex,=,1,income,=,0,maritalstatus,=,1#22424
height,>,154,age,>,76,sex,=,1,income,=,0,maritalstatus,=,4#27174
height,>,154,age,>,82,sex,=,0,income,=,0,occupation,=,1#26250
height,>,159,age,<,48,sex,=,0,income,=,0,workclass,=,6#2370
height,<,152,age,<,29,sex,=,0,income,=,0,occupation,=,0#963
height,>,161,age,>,49,sex,=,1,income,=,1,nativecountry,=,21#7573
height,>,153,age,>,79,sex,=,0,income,=,1,educationnum,<,17#5280
height,>,170,age,<,89,sex,=,0,income,=,0,workclass,=,6#11883
height,>,153,age,>,45,sex,=,1,income,=,1,hoursperweek,>,87#25659
height,<,162,age,>,70,sex,=,0,income,=,0,workclass,=,5#3330
height,<,170,age,>,71,sex,=,0,income,=,1,relationship,=,3#3419
height,<,162,age,>,58,sex,=,1,income,=,0,relationship,=,5#1106
height,<,175,age,>,79,sex,=,0,income,=,1,occupation,=,9#9862
height,<,177,age,>,22,sex,=,0,income,=,1,nativecountry,=,28#2618
height,<,158,age,>,18,sex,=,1,income,=,0,nativecountry,=,12#71947
height,>,157,age,>,33,sex,=,1,income,=,1,hoursperweek,>,78#4781
height,>,166,age,>,66,sex,=,1,income,=,0,maritalstatus,=,0#687
height,<,168,age,<,71,sex,=,1,income,=,0,nativecountry,=,25#7450
height,<,181,age,>,46,sex,=,1,income,=,1,workclass,=,6#3467
height,<,153,age,<,85,sex,=,0,income,=,1,nativecountry,=,8#22382
height,>,164,age,>,53,sex,=,0,income,=,1,education,=,12#914
height,<,167,age,>,82,sex,=,1,income,=,1,race,=,3#33025
height,<,168,age,>,67,sex,=,1,income,=,0,nativecountry,=,5#24891
height,<,164,age,>,18,sex,=,0,income,=,0,nativecountry,=,8#7905
height,>,169,age,>,66,sex,=,0,income,=,0,education,=,8#15868
height,>,151,age,<,32,sex,=,1,income,=,1,race,=,4#2492
height,<,168,age,>,52,sex,=,1,income,=,0,education,=,7#1868
height,>,151,age,>,72,sex,=,1,income,=,0,race,=,3#18950
height,>,175,age,>,24,sex,=,1,income,=,1,hoursperweek,<,29#11020
height,<,152,age,<,76,sex,=,1,income,=,0,occupation,=,9#4147
height,<,178,age,>,81,sex,=,1,income,=,0,workclass,=,2#11379
height,>,154,age,>,83,sex,=,1,income,=,0,hoursperweek,>,46#12350
height,<,181,age,<,30,sex,=,0,income,=,0,maritalstatus,=,6#2236
height,>,150,age,>,65,sex,=,1,income,=,0,educationnum,>,14#1588
height,>,179,age,<,70,sex,=,1,income,=,1,nativecountry,=,29#50000
height,<,176,age,>,70,sex,=,1,income,=,1,education,=,13#15011
height,>,150,age,>,69,sex,=,1,income,=,1,workclass,=,2#470
height,<,176,age,>,35,sex,=,1,income,=,0,nativecountry,=,9#5042
height,>,161,age,<,86,sex,=,0,income,=,0,maritalstatus,=,6#1601
height,<,166,age,>,41,sex,=,1,income,=,0,maritalstatus,=,3#3377
height,<,172,age,>,55,sex,=,0,income,=,0,maritalstatus,=,4#2407
height,<,165,age,<,85,sex,=,1,income,=,0,nativecountry,=,20#2537
height,>,161,age,>,68,sex,=,1,income,=,1,education,=,1#4150
height,>,165,age,<,21,sex,=,0,income,=,0,nativecountry,=,29#28419
height,<,176,age,<,26,sex,=,1,income,=,1,workclass,=,5#3661
height,>,179,age,<,59,sex,=,0,income,=,1,nativecountry,=,5#30897
height,>,178,age,<,62,sex,=,0,income,=,1,race,=,4#1738
height,<,170,age,>,45,sex,=,0,income,=,1,nativecountry,=,2#2632
height,>,151,age,>,29,sex,=,0,income,=,1,maritalstatus,=,6#3659
height,>,173,age,>,49,sex,=,0,income,=,0,nativecountry,=,9#28703
height,>,151,age,>,79,sex,=,1,income,=,1,educationnum,<,17#6914
height,>,177,age,<,80,sex,=,0,income,=,1,relationship,=,3#433
height,>,153,age,>,58,sex,=,1,income,=,0,nativecountry,=,10#10241
height,<,152,age,>,18,sex,=,1,income,=,0,educationnum,<,18#720858
height,<,155,age,<,28,sex,=,1,income,=,0,occupation,=,0#3541
height,>,157,age,>,87,sex,=,1,income,=,0,hoursperweek,<,33#1696
height,<,156,age,<,30,sex,=,1,income,=,0,nativecountry,=,14#11833
height,>,173,age,<,36,sex,=,0,income,=,0,relationship,=,5#2260
height,<,155,age,<,68,sex,=,0,income,=,0,relationship,=,4#1480
height,>,172,age,<,31,sex,=,1,income,=,1,maritalstatus,=,5#552
height,>,168,age,>,71,sex,=,1,income,=,0,workclass,=,4#3442
height,<,178,age,>,87,sex,=,1,income,=,1,hoursperweek,>,7#1948
height,>,151,age,>,71,sex,=,1,income,=,1,workclass,=,4#4865
height,<,162,age,<,27,sex,=,0,income,=,1,relationship,=,5#1711
height,>,171,age,>,59,sex,=,1,income,=,0,workclass,=,3#244
height,<,179,age,>,77,sex,=,0,income,=,0,maritalstatus,=,1#5576
height,<,155,age,<,56,sex,=,0,income,=,0,education,=,15#2933
height,<,174,age,>,88,sex,=,1,income,=,0,hoursperweek,>,37#13782
height,<,154,age,<,79,sex,=,1,income,=,0,education,=,7#4965
height,<,162,age,>,31,sex,=,1,income,=,1,education,=,15#13724
height,>,155,age,<,24,sex,=,1,income,=,0,maritalstatus,=,3#8577
height,>,164,age,>,59,sex,=,0,income,=,1,nativecountry,=,25#11936
height,<,163,age,<,60,sex,=,0,income,=,0,education,=,14#2304
height,>,167,age,<,36,sex,=,0,income,=,0,occupation,=,13#5833
height,>,171,age,>,79,sex,=,0,income,=,0,maritalstatus,=,5#6735
height,<,163,age,>,72,sex,=,1,income,=,1,education,=,4#72189
height,<,170,age,>,72,sex,=,0,income,=,0,workclass,=,3#5849
height,>,153,age,<,31,sex,=,0,income,=,1,nativecountry,=,5#4469
height,<,162,age,<,40,sex,=,1,income,=,0,race,=,1#3193
height,>,169,age,<,39,sex,=,0,income,=,0,nativecountry,=,3#3832
height,>,176,age,<,58,sex,=,1,income,=,0,occupation,=,2#6452
height,<,176,age,>,73,sex,=,0,income,=,1,occupation,=,3#1105
height,<,170,age,<,89,sex,=,0,income,=,1,nativecountry,=,34#10204
height,>,180,age,>,18,sex,=,0,income,=,1,maritalstatus,=,5#32679
height,>,150,age,<,60,sex,=,0,income,=,0,nativecountry,=,20#1818
height,<,155,age,<,45,sex,=,1,income,=,1,maritalstatus,=,4#1325
height,>,161,age,<,83,sex,=,0,income,=,1,nativecountry,=,37#5803
height,<,173,age,>,41,sex,=,1,income,=,1,nativecountry,=,34#8276
height,<,170,age,<,42,sex,=,0,income,=,1,maritalstatus,=,6#8933
height,>,172,age,<,53,sex,=,0,income,=,0,nativecountry,=,21#2498
height,<,156,age,<,62,sex,=,0,income,=,0,race,=,1#2360
height,<,159,age,<,71,sex,=,0,income,=,1,workclass,=,6#138
height,<,167,age,>,48,sex,=,1,income,=,1,occupation,=,10#3064
height,<,175,age,>,39,sex,=,0,income,=,1,nativecountry,=,21#745
height,<,153,age,<,53,sex,=,1,income,=,1,workclass,=,1#2403
height,>,164,age,>,84,sex,=,1,income,=,1,relationship,=,0#6516
height,<,157,age,<,81,sex,=,1,income,=,1,nativecountry,=,32#34137
height,<,167,age,>,46,sex,=,1,income,=,1,education,=,2#2873
height,>,174,age,<,67,sex,=,1,income,=,0,hoursperweek,>,65#1622
height,>,152,age,<,41,sex,=,1,income,=,0,nativecountry,=,24#374
height,<,162,age,<,20,sex,=,1,income,=,1,education,=,4#9104
height,<,157,age,<,67,sex,=,1,income,=,1,relationship,=,5#4654
height,<,167,age,>,47,sex,=,1,income,=,0,relationship,=,3#1526
height,>,178,age,<,70,sex,=,0,income,=,1,workclass,=,2#1371
height,<,168,age,<,41,sex,=,0,income,=,0,nativecountry,=,20#738
height,<,162,age,<,26,sex,=,0,income,=,0,education,=,7#2048
height,>,171,age,<,69,sex,=,1,income,=,1,race,=,4#56
height,<,153,age,<,43,sex,=,0,income,=,0,relationship,=,4#1835
height,>,170,age,>,73,sex,=,1,income,=,1,relationship,=,1#1389
height,>,179,age,<,58,sex,=,0,income,=,1,hoursperweek,<,42#1288
height,>,159,age,>,82,sex,=,0,income,=,1,educationnum,>,4#1809
height,<,153,age,<,83,sex,=,0,income,=,1,hoursperweek,>,61#1382
height,>,167,age,>,65,sex,=,0,income,=,1,workclass,=,3#6712
height,>,154,age,<,68,sex,=,1,income,=,1,workclass,=,6#2260
height,<,175,age,<,23,sex,=,1,income,=,0,maritalstatus,=,6#4509
height,<,151,age,<,35,sex,=,0,income,=,0,workclass,=,6#47176
height,>,178,age,>,24,sex,=,0,income,=,1,nativecountry,=,36#16136
height,<,161,age,>,50,sex,=,1,income,=,0,workclass,=,4#8899
height,<,167,age,>,45,sex,=,1,income,=,0,occupation,=,12#60014
height,<,170,age,>,76,sex,=,1,income,=,1,educationnum,<,9#6110
height,<,180,age,>,60,sex,=,1,income,=,0,workclass,=,6#19294
height,>,163,age,>,85,sex,=,1,income,=,0,education,=,2#12491
height,<,163,age,<,80,sex,=,1,income,=,0,workclass,=,6#5904
height,<,169,age,<,32,sex,=,1,income,=,1,race,=,3#62
height,>,169,age,>,47,sex,=,1,income,=,0,maritalstatus,=,4#753
height,>,152,age,>,75,sex,=,1,income,=,1,relationship,=,1#2217
height,<,169,age,>,70,sex,=,0,income,=,0,race,=,1#13599
height,>,171,age,>,27,sex,=,0,income,=,1,nativecountry,=,5#11148
height,<,178,age,>,27,sex,=,1,income,=,0,workclass,=,6#47
height,>,155,age,<,61,sex,=,1,income,=,0,nativecountry,=,21#2341
height,>,175,age,<,72,sex,=,1,income,=,1,race,=,1#16539
height,<,181,age,>,79,sex,=,0,income,=,0,workclass,=,5#164
height,<,172,age,>,68,sex,=,0,income,=,1,occupation,=,2#2451
height,>,163,age,>,84,sex,=,0,income,=,0,hoursperweek,<,40#10125
height,<,151,age,<,82,sex,=,1,income,=,0,nativecountry,=,13#19682
height,>,165,age,>,33,sex,=,1,income,=,0,education,=,14#6564
height,<,173,age,>,69,sex,=,0,income,=,1,education,=,14#10667
height,<,163,age,<,68,sex,=,0,income,=,0,race,=,4#2725
height,<,175,age,>,67,sex,=,1,income,=,0,maritalstatus,=,3#5612
height,<,151,age,<,76,sex,=,1,income,=,1,relationship,=,3#5614
height,>,170,age,<,71,sex,=,0,income,=,0,race,=,1#2001
height,>,170,age,>,73,sex,=,0,income,=,1,maritalstatus,=,2#5703
height,<,162,age,<,38,sex,=,1,income,=,0,occupation,=,5#1849
height,<,171,age,<,19,sex,=,1,income,=,0,relationship,=,3#3653
height,>,173,age,>,67,sex,=,0,income,=,0,education,=,1#1820
height,<,161,age,>,19,sex,=,1,income,=,0,education,=,14#6216
height,<,163,age,<,23,sex,=,1,income,=,1,workclass,=,1#1331
height,<,162,age,>,72,sex,=,0,income,=,1,relationship,=,5#40336
height,<,165,age,<,38,sex,=,1,income,=,0,nativecountry,=,32#6374
height,<,172,age,<,48,sex,=,1,income,=,0,nativecountry,=,8#6925
height,>,151,age,<,41,sex,=,1,income,=,1,hoursperweek,<,14#239
height,>,165,age,>,62,sex,=,0,income,=,0,education,=,5#237
height,>,165,age,>,85,sex,=,1,income,=,1,educationnum,>,13#63667
height,<,168,age,>,46,sex,=,1,income,=,1,occupation,=,11#1181
height,>,153,age,<,76,sex,=,1,income,=,1,maritalstatus,=,6#3742
height,<,173,age,>,69,sex,=,1,income,=,0,educationnum,<,13#2252
height,>,156,age,>,47,sex,=,1,income,=,0,nativecountry,=,23#2303
height,<,169,age,>,70,sex,=,1,income,=,1,maritalstatus,=,5#1075
height,<,151,age,<,40,sex,=,0,income,=,1,nativecountry,=,11#13707
height,<,166,age,>,34,sex,=,1,income,=,1,education,=,8#2466
height,<,161,age,>,84,sex,=,1,income,=,1,educationnum,<,13#39665
height,>,158,age,<,81,sex,=,1,income,=,1,nativecountry,=,15#302
height,>,156,age,>,71,sex,=,1,income,=,0,race,=,2#595
height,<,176,age,>,56,sex,=,0,income,=,1,nativecountry,=,33#10325
height,>,164,age,<,34,sex,=,0,income,=,1,nativecountry,=,13#5617
height,<,174,age,<,59,sex,=,0,income,=,1,nativecountry,=,34#5471
height,>,171,age,<,68,sex,=,0,income,=,0,nativecountry,=,30#5494
height,>,171,age,>,72,sex,=,0,income,=,1,maritalstatus,=,5#19994
height,<,165,age,>,46,sex,=,1,income,=,0,occupation,=,13#5908
height,>,165,age,>,60,sex,=,0,income,=,1,occupation,=,13#3796
height,<,166,age,<,85,sex,=,1,income,=,1,workclass,=,6#456
height,<,175,age,<,25,sex,=,1,income,=,1,education,=,10#1439
height,<,167,age,<,60,sex,=,1,income,=,1,education,=,8#876
height,>,150,age,>,24,sex,=,0,income,=,0,hoursperweek,>,87#763
height,>,173,age,<,43,sex,=,1,income,=,0,maritalstatus,=,5#6685
height,<,162,age,>,57,sex,=,0,income,=,0,race,=,1#838
height,>,160,age,>,62,sex,=,0,income,=,0,race,=,1#7623
height,>,177,age,<,38,sex,=,1,income,=,1,maritalstatus,=,6#163041
height,<,168,age,<,86,sex,=,1,income,=,1,maritalstatus,=,6#924
height,<,164,age,>,85,sex,=,0,income,=,1,education,=,2#24301
height,<,178,age,<,41,sex,=,0,income,=,1,hoursperweek,>,86#16441
height,>,152,age,>,56,sex,=,0,income,=,1,relationship,=,5#2413
height,>,175,age,<,61,sex,=,0,income,=,1,occupation,=,7#610
height,<,161,age,>,52,sex,=,0,income,=,0,hoursperweek,>,74#28093
height,>,173,age,>,18,sex,=,0,income,=,1,education,=,12#2329
height,<,169,age,>,70,sex,=,0,income,=,0,workclass,=,4#8256
height,<,151,age,<,43,sex,=,1,income,=,1,occupation,=,10#12358
height,>,173,age,>,53,sex,=,1,income,=,1,education,=,11#5783
height,>,169,age,<,25,sex,=,1,income,=,1,educationnum,>,11#16648
height,<,167,age,>,66,sex,=,0,income,=,1,maritalstatus,=,0#184
height,>,175,age,>,28,sex,=,0,income,=,1,nativecountry,=,7#37151
height,<,166,age,<,42,sex,=,1,income,=,0,workclass,=,6#10100
height,<,166,age,<,31,sex,=,0,income,=,0,race,=,1#4682
height,<,168,age,>,73,sex,=,0,income,=,0,workclass,=,0#4596
height,<,151,age,<,22,sex,=,1,income,=,0,hoursperweek,<,90#40299
height,>,154,age,>,73,sex,=,1,income,=,1,nativecountry,=,25#44853
height,<,158,age,<,45,sex,=,1,income,=,1,workclass,=,1#1380
height,>,156,age,>,36,sex,=,0,income,=,1,nativecountry,=,15#868
height,>,180,age,<,32,sex,=,1,income,=,1,race,=,4#25005
height,<,157,age,>,22,sex,=,1,income,=,0,maritalstatus,=,5#365748
height,>,171,age,<,28,sex,=,1,income,=,1,relationship,=,4#11904
height,>,173,age,>,64,sex,=,1,income,=,0,nativecountry,=,26#46002
height,<,175,age,>,64,sex,=,1,income,=,1,maritalstatus,=,6#12225
height,>,162,age,>,73,sex,=,0,income,=,1,relationship,=,5#8792
height,>,166,age,>,68,sex,=,1,income,=,0,educationnum,<,16#3294
height,<,168,age,>,46,sex,=,1,income,=,1,workclass,=,6#13209
height,<,171,age,<,24,sex,=,1,income,=,1,nativecountry,=,21#3217
height,>,166,age,>,87,sex,=,0,income,=,0,occupation,=,8#45849
height,>,174,age,<,63,sex,=,0,income,=,1,workclass,=,2#3148
height,>,179,age,>,23,sex,=,1,income,=,0,relationship,=,5#1538
height,<,170,age,<,73,sex,=,1,income,=,1,race,=,1#1150
height,<,165,age,>,63,sex,=,0,income,=,1,maritalstatus,=,6#1339
height,>,155,age,<,20,sex,=,1,income,=,0,nativecountry,=,2#35231
height,>,153,age,>,85,sex,=,1,income,=,0,maritalstatus,=,3#41325
height,>,150,age,<,41,sex,=,0,income,=,1,nativecountry,=,32#2683
height,<,181,age,>,53,sex,=,1,income,=,1,nativecountry,=,14#2244
height,>,159,age,<,36,sex,=,1,income,=,1,nativecountry,=,7#4181
height,>,177,age,<,65,sex,=,1,income,=,1,educationnum,>,12#241
height,>,150,age,>,63,sex,=,1,income,=,0,workclass,=,2#3047
height,>,176,age,<,76,sex,=,1,income,=,0,education,=,5#3356
height,>,157,age,>,70,sex,=,1,income,=,0,workclass,=,6#25114
height,<,159,age,<,25,sex,=,0,income,=,0,nativecountry,=,1#12185
height,<,165,age,>,77,sex,=,1,income,=,0,maritalstatus,=,4#25689
height,>,168,age,<,50,sex,=,1,income,=,1,workclass,=,6#2052
height,<,169,age,>,78,sex,=,0,income,=,1,nativecountry,=,3#138
height,<,172,age,>,51,sex,=,1,income,=,1,race,=,1#1451
height,>,154,age,>,50,sex,=,1,income,=,1,nativecountry,=,1#386
height,>,165,age,>,82,sex,=,0,income,=,1,maritalstatus,=,0#3520
height,>,160,age,>,66,sex,=,1,income,=,1,education,=,3#3470
height,<,178,age,<,42,sex,=,1,income,=,1,race,=,1#1658
height,>,167,age,<,59,sex,=,1,income,=,0,hoursperweek,<,8#326
height,<,175,age,<,71,sex,=,1,income,=,1,nativecountry,=,2#25
height,<,174,age,>,60,sex,=,1,income,=,1,education,=,10#19
height,<,164,age,<,79,sex,=,1,income,=,0,education,=,8#923
height,>,177,age,<,66,sex,=,1,income,=,1,race,=,2#5052
height,>,163,age,<,26,sex,=,0,income,=,0,maritalstatus,=,6#7634
height,>,154,age,>,76,sex,=,0,income,=,0,relationship,=,2#4340
height,>,159,age,>,81,sex,=,0,income,=,0,hoursperweek,<,53#10707
height,<,162,age,<,25,sex,=,0,income,=,0,workclass,=,6#2604
height,<,169,age,>,89,sex,=,0,income,=,0,relationship,=,0#7499
height,>,154,age,<,33,sex,=,0,income,=,1,nativecountry,=,28#158
height,<,158,age,<,57,sex,=,0,income,=,1,education,=,4#41
height,>,166,age,>,31,sex,=,1,income,=,0,nativecountry,=,12#3741
height,>,156,age,<,63,sex,=,1,income,=,1,maritalstatus,=,6#2539
height,<,173,age,<,24,sex,=,0,income,=,0,nativecountry,=,14#117
height,>,169,age,<,86,sex,=,1,income,=,1,nativecountry,=,31#4288
height,<,159,age,<,37,sex,=,1,income,=,1,relationship,=,3#3593
height,<,167,age,<,24,sex,=,1,income,=,1,occupation,=,13#4750
height,>,170,age,>,70,sex,=,0,income,=,1,maritalstatus,=,3#9324
height,>,151,age,>,65,sex,=,1,income,=,0,education,=,7#3844
height,<,171,age,>,81,sex,=,0,income,=,0,workclass,=,4#4025
height,<,175,age,>,26,sex,=,1,income,=,1,nativecountry,=,15#1548
height,<,180,age,>,34,sex,=,0,income,=,1,maritalstatus,=,6#5453
height,>,159,age,>,62,sex,=,0,income,=,1,education,=,9#1693
height,>,166,age,>,89,sex,=,1,income,=,1,educationnum,>,7#32772
height,>,174,age,<,26,sex,=,1,income,=,0,workclass,=,3#156323
height,<,161,age,>,62,sex,=,1,income,=,0,occupation,=,9#57
height,<,154,age,<,37,sex,=,0,income,=,0,race,=,3#2387
height,>,160,age,>,45,sex,=,1,income,=,0,hoursperweek,>,72#6305
height,>,150,age,<,37,sex,=,1,income,=,0,workclass,=,6#2599
height,<,173,age,<,77,sex,=,1,income,=,0,nativecountry,=,7#1651
height,>,172,age,<,79,sex,=,1,income,=,0,education,=,14#4904
height,>,175,age,<,52,sex,=,0,income,=,1,nativecountry,=,39#874
height,>,158,age,>,55,sex,=,0,income,=,0,race,=,4#3234
height,<,180,age,>,67,sex,=,0,income,=,0,race,=,4#4178
height,<,181,age,>,89,sex,=,0,income,=,1,education,=,2#38496
height,<,158,age,<,21,sex,=,1,income,=,1,education,=,4#26161
height,<,164,age,>,73,sex,=,1,income,=,1,nativecountry,=,11#35136
height,<,152,age,<,67,sex,=,1,income,=,1,occupation,=,0#843
height,<,172,age,>,84,sex,=,0,income,=,1,relationship,=,5#4276
height,<,165,age,>,58,sex,=,0,income,=,1,relationship,=,3#7078
height,>,161,age,>,71,sex,=,1,income,=,0,relationship,=,0#1298
height,<,171,age,>,68,sex,=,0,income,=,1,education,=,14#25328
height,<,173,age,>,74,sex,=,0,income,=,0,hoursperweek,<,9#22877
height,<,156,age,<,23,sex,=,1,income,=,1,education,=,11#25856
height,<,172,age,<,32,sex,=,0,income,=,1,nativecountry,=,9#8607
height,>,155,age,>,71,sex,=,0,income,=,0,maritalstatus,=,1#2634
height,>,161,age,<,33,sex,=,0,income,=,1,nativecountry,=,9#7408
height,<,177,age,>,49,sex,=,1,income,=,0,education,=,6#827
height,<,177,age,>,79,sex,=,0,income,=,0,race,=,0#7235
height,<,177,age,>,76,sex,=,1,income,=,1,education,=,13#23309
height,>,167,age,<,67,sex,=,0,income,=,0,nativecountry,=,34#6118
height,>,172,age,>,61,sex,=,0,income,=,1,maritalstatus,=,4#18349
height,<,177,age,<,54,sex,=,1,income,=,1,nativecountry,=,15#4184
height,<,165,age,>,33,sex,=,0,income,=,0,race,=,4#2826
height,>,179,age,<,33,sex,=,0,income,=,1,hoursperweek,>,59#1136
height,>,174,age,<,29,sex,=,1,income,=,0,relationship,=,3#29270
height,<,164,age,<,23,sex,=,1,income,=,1,relationship,=,5#614
height,>,174,age,<,87,sex,=,1,income,=,0,occupation,=,10#648
height,>,178,age,<,77,sex,=,1,income,=,0,maritalstatus,=,2#2449
height,>,159,age,<,25,sex,=,0,income,=,0,nativecountry,=,40#18774
height,>,180,age,>,27,sex,=,1,income,=,0,occupation,=,12#50000
height,>,157,age,>,28,sex,=,1,income,=,1,workclass,=,6#536
height,<,166,age,>,79,sex,=,1,income,=,1,occupation,=,2#20151
height,<,171,age,<,35,sex,=,1,income,=,0,education,=,9#1042
height,<,172,age,>,66,sex,=,1,income,=,1,relationship,=,1#2616
height,>,173,age,>,33,sex,=,1,income,=,0,education,=,2#281
height,>,150,age,>,26,sex,=,1,income,=,0,nativecountry,=,13#101
height,<,170,age,>,52,sex,=,0,income,=,0,nativecountry,=,28#473
height,<,154,age,<,20,sex,=,0,income,=,0,occupation,=,8#48432
height,<,161,age,>,47,sex,=,1,income,=,1,workclass,=,4#3036
height,>,152,age,>,56,sex,=,0,income,=,0,race,=,3#737
height,>,173,age,>,64,sex,=,1,income,=,1,hoursperweek,<,23#16683
height,>,172,age,>,78,sex,=,0,income,=,0,educationnum,>,8#6075
height,>,162,age,<,51,sex,=,0,income,=,0,nativecountry,=,31#3881
height,<,163,age,>,40,sex,=,1,income,=,0,maritalstatus,=,4#4175
height,>,158,age,<,31,sex,=,0,income,=,0,maritalstatus,=,6#5933
height,<,151,age,<,77,sex,=,1,income,=,0,education,=,4#14529
height,<,154,age,<,69,sex,=,1,income,=,1,education,=,3#551
height,<,158,age,<,23,sex,=,1,income,=,1,workclass,=,5#28334
height,>,167,age,>,51,sex,=,1,income,=,1,maritalstatus,=,3#1568
height,>,153,age,>,63,sex,=,1,income,=,1,race,=,1#3950
height,<,162,age,>,27,sex,=,1,income,=,0,relationship,=,3#1493
height,>,173,age,<,27,sex,=,1,income,=,0,relationship,=,1#45215
height,>,174,age,<,59,sex,=,0,income,=,1,race,=,1#8376
height,>,162,age,<,67,sex,=,1,income,=,1,workclass,=,6#1679
height,<,151,age,<,85,sex,=,0,income,=,1,occupation,=,3#3598
height,<,159,age,>,21,sex,=,0,income,=,1,race,=,1#70877
height,<,160,age,>,24,sex,=,1,income,=,0,relationship,=,2#80271
height,<,161,age,<,34,sex,=,1,income,=,0,occupation,=,5#2937
height,<,160,age,<,36,sex,=,0,income,=,1,education,=,13#259
height,>,172,age,>,77,sex,=,1,income,=,0,educationnum,>,10#5388
height,<,166,age,<,23,sex,=,0,income,=,1,workclass,=,4#1828
height,>,160,age,<,29,sex,=,1,income,=,0,workclass,=,6#9335
height,<,157,age,<,48,sex,=,0,income,=,0,nativecountry,=,2#7357
height,<,179,age,<,60,sex,=,1,income,=,1,hoursperweek,<,12#1148
height,<,179,age,>,82,sex,=,1,income,=,1,race,=,3#4257
height,<,174,age,>,66,sex,=,1,income,=,1,education,=,12#5158
height,<,162,age,<,61,sex,=,1,income,=,1,workclass,=,4#232
height,>,176,age,<,67,sex,=,1,income,=,0,occupation,=,0#2380
height,>,156,age,>,65,sex,=,1,income,=,0,occupation,=,8#425
height,>,170,age,>,75,sex,=,0,income,=,1,education,=,15#38618
height,<,181,age,>,49,sex,=,1,income,=,1,maritalstatus,=,5#195
height,>,159,age,>,83,sex,=,1,income,=,1,workclass,=,4#3603
height,>,156,age,>,80,sex,=,1,income,=,0,relationship,=,4#31204
height,<,177,age,>,56,sex,=,1,income,=,1,nativecountry,=,40#15596
height,<,161,age,<,83,sex,=,0,income,=,0,maritalstatus,=,5#450
height,>,170,age,>,75,sex,=,0,income,=,1,relationship,=,4#555
height,>,177,age,<,87,sex,=,0,income,=,0,occupation,=,12#17421
height,<,161,age,<,76,sex,=,1,income,=,1,occupation,=,5#1605
height,<,153,age,<,81,sex,=,0,income,=,1,occupation,=,4#3977
height,>,180,age,<,52,sex,=,1,income,=,1,relationship,=,4#7876
height,>,162,age,>,29,sex,=,1,income,=,1,nativecountry,=,31#10007
height,<,165,age,>,87,sex,=,0,income,=,0,race,=,0#5540
height,<,166,age,>,71,sex,=,0,income,=,1,relationship,=,1#3689
height,<,176,age,>,50,sex,=,0,income,=,1,maritalstatus,=,5#492
height,>,150,age,>,50,sex,=,0,income,=,1,occupation,=,12#8173
height,<,168,age,>,83,sex,=,1,income,=,1,maritalstatus,=,1#170697
height,>,156,age,>,39,sex,=,1,income,=,1,hoursperweek,>,71#2977
height,>,173,age,>,64,sex,=,0,income,=,0,relationship,=,3#14011
height,<,172,age,<,41,sex,=,0,income,=,1,education,=,14#2478
height,>,155,age,<,26,sex,=,1,income,=,1,relationship,=,5#2257
height,>,159,age,>,77,sex,=,0,income,=,1,maritalstatus,=,6#37212
height,>,163,age,<,40,sex,=,0,income,=,1,race,=,1#2163
height,<,174,age,<,86,sex,=,1,income,=,0,hoursperweek,>,79#10311
height,>,170,age,>,87,sex,=,0,income,=,0,educationnum,>,9#33084
height,>,152,age,>,79,sex,=,1,income,=,1,occupation,=,0#1387
height,>,161,age,>,20,sex,=,1,income,=,1,nativecountry,=,22#15
height,>,158,age,<,28,sex,=,1,income,=,1,education,=,4#128
height,>,163,age,<,47,sex,=,0,income,=,1,nativecountry,=,15#3542
height,>,167,age,<,73,sex,=,1,income,=,1,nativecountry,=,39#2830
height,>,161,age,>,54,sex,=,1,income,=,1,nativecountry,=,36#19092
height,>,173,age,>,78,sex,=,1,income,=,0,workclass,=,3#14120
height,>,173,age,<,41,sex,=,1,income,=,0,occupation,=,13#15725
height,>,150,age,>,88,sex,=,1,income,=,0,education,=,1#7838
height,<,169,age,<,37,sex,=,1,income,=,1,workclass,=,6#4600
height,>,167,age,>,50,sex,=,1,income,=,1,nativecountry,=,22#9365
height,>,165,age,<,25,sex,=,0,income,=,1,occupation,=,5#8505
height,>,178,age,<,40,sex,=,0,income,=,1,educationnum,<,10#1045
height,>,174,age,<,85,sex,=,0,income,=,1,workclass,=,1#1509
height,<,179,age,<,29,sex,=,1,income,=,1,education,=,8#892
height,>,164,age,>,36,sex,=,0,income,=,0,nativecountry,=,28#1389
height,<,173,age,>,81,sex,=,0,income,=,0,educationnum,<,6#7779
height,>,171,age,>,64,sex,=,1,income,=,0,education,=,5#23144
height,<,163,age,>,71,sex,=,1,income,=,0,occupation,=,8#23014
height,<,176,age,>,84,sex,=,0,income,=,1,relationship,=,3#64197
height,<,167,age,>,75,sex,=,1,income,=,0,hoursperweek,>,20#3572
height,>,151,age,>,80,sex,=,1,income,=,1,hoursperweek,<,73#10225
height,>,163,age,<,60,sex,=,1,income,=,1,nativecountry,=,20#3023
height,<,160,age,<,66,sex,=,1,income,=,1,race,=,2#2515
height,<,162,age,>,32,sex,=,1,income,=,1,workclass,=,4#5499
height,>,162,age,<,41,sex,=,1,income,=,1,nativecountry,=,3#5864
height,>,179,age,>,18,sex,=,1,income,=,0,maritalstatus,=,6#22730
height,<,154,age,<,24,sex,=,1,income,=,0,maritalstatus,=,3#22664
height,>,158,age,>,70,sex,=,0,income,=,1,relationship,=,0#570
height,<,151,age,<,42,sex,=,0,income,=,1,workclass,=,1#12454
height,>,160,age,>,70,sex,=,1,income,=,1,workclass,=,2#1747
height,<,152,age,<,32,sex,=,0,income,=,1,nativecountry,=,15#27321
height,>,173,age,<,79,sex,=,1,income,=,1,workclass,=,5#407
height,<,155,age,<,82,sex,=,1,income,=,1,education,=,3#753
height,>,169,age,>,57,sex,=,1,income,=,1,race,=,1#1111
height,>,152,age,>,32,sex,=,0,income,=,1,nativecountry,=,13#797
height,<,155,age,<,76,sex,=,0,income,=,1,relationship,=,3#5468
height,>,163,age,>,80,sex,=,0,income,=,1,maritalstatus,=,1#537
height,<,157,age,<,44,sex,=,0,income,=,1,nativecountry,=,33#4284
height,>,177,age,<,39,sex,=,0,income,=,1,race,=,3#302
height,<,156,age,<,90,sex,=,1,income,=,1,occupation,=,3#2295
height,>,155,age,>,47,sex,=,0,income,=,0,workclass,=,6#2896
height,>,161,age,<,27,sex,=,1,income,=,1,education,=,7#2606
height,>,153,age,<,22,sex,=,1,income,=,1,hoursperweek,>,71#8737
height,>,158,age,>,83,sex,=,0,income,=,1,hoursperweek,>,71#37708
height,<,167,age,>,35,sex,=,1,income,=,1,nativecountry,=,5#832
height,>,153,age,<,38,sex,=,0,income,=,1,occupation,=,13#735
height,>,170,age,<,76,sex,=,0,income,=,1,race,=,1#2594
height,>,150,age,>,83,sex,=,0,income,=,0,occupation,=,7#1424
height,>,167,age,>,77,sex,=,0,income,=,0,education,=,0#4085
height,>,173,age,>,64,sex,=,1,income,=,0,maritalstatus,=,5#25780
height,<,165,age,>,86,sex,=,1,income,=,0,hoursperweek,<,33#8121
height,>,174,age,<,85,sex,=,1,income,=,0,occupation,=,7#1282
height,>,171,age,<,41,sex,=,1,income,=,0,nativecountry,=,2#4927
height,<,153,age,<,60,sex,=,1,income,=,0,maritalstatus,=,5#5956
height,>,156,age,>,76,sex,=,1,income,=,0,occupation,=,11#7851
height,>,171,age,>,49,sex,=,1,income,=,1,nativecountry,=,29#30888
height,>,161,age,<,25,sex,=,1,income,=,1,education,=,15#1742
height,>,166,age,>,59,sex,=,0,income,=,0,workclass,=,4#2036
height,<,152,age,<,79,sex,=,0,income,=,1,workclass,=,1#10314
height,<,178,age,<,37,sex,=,0,income,=,0,education,=,15#2755
height,<,151,age,<,64,sex,=,0,income,=,1,relationship,=,0#1906
height,<,167,age,<,72,sex,=,0,income,=,0,education,=,15#1268
height,>,168,age,>,84,sex,=,0,income,=,0,workclass,=,1#30809
height,<,153,age,<,39,sex,=,0,income,=,1,nativecountry,=,40#50000
height,>,178,age,>,25,sex,=,0,income,=,1,workclass,=,5#19942
height,<,151,age,<,40,sex,=,1,income,=,1,occupation,=,8#3728
height,>,157,age,<,65,sex,=,1,income,=,0,maritalstatus,=,6#2986
height,>,168,age,<,42,sex,=,1,income,=,1,nativecountry,=,35#1314
height,<,180,age,>,74,sex,=,1,income,=,0,occupation,=,10#5950
height,<,165,age,>,76,sex,=,1,income,=,0,hoursperweek,<,60#830
height,>,155,age,>,79,sex,=,1,income,=,1,relationship,=,5#16021
height,>,172,age,<,67,sex,=,1,income,=,1,education,=,14#5816
height,>,162,age,<,35,sex,=,1,income,=,1,hoursperweek,<,11#1340
height,<,155,age,<,62,sex,=,1,income,=,0,hoursperweek,>,75#12833
height,>,151,age,<,20,sex,=,1,income,=,1,relationship,=,3#3746
height,>,170,age,<,57,sex,=,0,income,=,0,nativecountry,=,4#9230
height,<,179,age,<,30,sex,=,1,income,=,1,race,=,1#4153
height,>,150,age,>,65,sex,=,1,income,=,1,relationship,=,1#1579
height,<,153,age,<,33,sex,=,0,income,=,1,relationship,=,0#746
height,>,158,age,<,29,sex,=,1,income,=,0,education,=,5#1121
height,>,173,age,<,71,sex,=,0,income,=,0,occupation,=,12#593
height,<,173,age,>,82,sex,=,0,income,=,1,occupation,=,6#4641
height,>,174,age,<,28,sex,=,0,income,=,0,workclass,=,5#49238
height,>,171,age,>,52,sex,=,0,income,=,0,workclass,=,3#104
height,>,173,age,<,84,sex,=,1,income,=,1,maritalstatus,=,6#7892
height,>,169,age,>,47,sex,=,1,income,=,1,race,=,2#2911
height,<,152,age,<,63,sex,=,1,income,=,0,hoursperweek,>,54#6958
height,>,155,age,>,74,sex,=,1,income,=,1,education,=,3#4731
height,>,162,age,<,48,sex,=,0,income,=,0,nativecountry,=,30#5755
height,<,165,age,>,78,sex,=,0,income,=,1,relationship,=,3#20311
height,<,166,age,>,33,sex,=,1,income,=,1,relationship,=,5#591
height,<,178,age,>,72,sex,=,1,income,=,1,education,=,6#836
height,<,167,age,>,44,sex,=,0,income,=,0,nativecountry,=,16#301
height,>,179,age,<,34,sex,=,0,income,=,1,relationship,=,5#6440
height,<,164,age,>,65,sex,=,1,income,=,1,educationnum,>,10#852
height,<,175,age,>,66,sex,=,0,income,=,0,relationship,=,4#67
height,>,173,age,>,24,sex,=,1,income,=,0,nativecountry,=,20#2955
height,<,154,age,<,53,sex,=,1,income,=,0,educationnum,<,2#4347
height,>,161,age,<,22,sex,=,1,income,=,1,education,=,9#11968
height,<,162,age,>,68,sex,=,0,income,=,0,race,=,2#4414
height,<,164,age,>,64,sex,=,1,income,=,0,educationnum,<,9#2502
height,>,168,age,>,73,sex,=,0,income,=,0,hoursperweek,>,60#3242
height,<,174,age,>,80,sex,=,1,income,=,1,educationnum,>,4#12196
height,<,169,age,>,88,sex,=,0,income,=,1,workclass,=,3#49322
height,<,180,age,>,55,sex,=,0,income,=,1,workclass,=,5#1023
height,<,175,age,>,24,sex,=,0,income,=,1,nativecountry,=,37#6132
height,>,161,age,>,40,sex,=,0,income,=,1,nativecountry,=,9#763
height,>,157,age,>,84,sex,=,1,income,=,0,hoursperweek,<,25#16529
height,<,157,age,<,52,sex,=,0,income,=,0,nativecountry,=,25#15521
height,<,158,age,<,23,sex,=,0,income,=,0,relationship,=,5#23136
height,>,153,age,>,83,sex,=,0,income,=,0,workclass,=,0#14011
height,<,151,age,<,21,sex,=,0,income,=,1,nativecountry,=,7#52450
height,<,178,age,>,70,sex,=,1,income,=,0,maritalstatus,=,6#36901
height,>,167,age,>,76,sex,=,0,income,=,0,educationnum,>,14#2796
height,>,154,age,>,89,sex,=,1,income,=,1,workclass,=,0#624
height,<,172,age,>,70,sex,=,0,income,=,0,educationnum,<,9#733
height,>,159,age,>,67,sex,=,0,income,=,1,nativecountry,=,16#5882
height,<,166,age,>,85,sex,=,1,income,=,0,occupation,=,4#60991
height,<,181,age,>,55,sex,=,0,income,=,1,hoursperweek,>,65#3932
height,<,162,age,<,28,sex,=,0,income,=,0,race,=,4#5363
height,<,170,age,>,24,sex,=,1,income,=,1,race,=,4#1024
height,<,169,age,>,65,sex,=,0,income,=,1,hoursperweek,>,74#39817
height,>,178,age,<,39,sex,=,0,income,=,1,occupation,=,7#34
height,<,166,age,>,54,sex,=,1,income,=,0,race,=,4#3313
height,<,158,age,<,43,sex,=,0,income,=,1,workclass,=,1#230
height,>,154,age,>,34,sex,=,1,income,=,0,nativecountry,=,8#5772
height,>,157,age,>,55,sex,=,1,income,=,0,hoursperweek,>,69#111
height,<,171,age,<,41,sex,=,1,income,=,1,hoursperweek,<,3#4562
height,>,158,age,>,71,sex,=,0,income,=,1,maritalstatus,=,1#443
height,<,157,age,<,49,sex,=,0,income,=,0,education,=,11#1279
height,>,165,age,>,46,sex,=,1,income,=,1,relationship,=,5#1338
height,<,163,age,>,70,sex,=,1,income,=,0,hoursperweek,>,12#799
height,>,162,age,<,20,sex,=,0,income,=,1,nativecountry,=,10#5947
height,>,164,age,<,73,sex,=,1,income,=,1,maritalstatus,=,5#312
height,>,168,age,>,46,sex,=,0,income,=,1,maritalstatus,=,5#3407
height,<,158,age,<,57,sex,=,0,income,=,1,education,=,14#4791
height,<,175,age,>,39,sex,=,1,income,=,1,education,=,14#1501
height,<,168,age,>,54,sex,=,0,income,=,1,occupation,=,8#1392
height,<,161,age,>,64,sex,=,1,income,=,1,maritalstatus,=,5#5004
height,<,166,age,>,33,sex,=,1,income,=,1,nativecountry,=,40#7666
height,<,165,age,<,47,sex,=,0,income,=,1,nativecountry,=,24#3434
height,>,175,age,<,87,sex,=,0,income,=,1,occupation,=,7#610
height,>,154,age,<,88,sex,=,0,income,=,1,nativecountry,=,38#5472
height,>,165,age,>,82,sex,=,0,income,=,0,hoursperweek,>,5#19013
height,<,175,age,>,82,sex,=,0,income,=,0,workclass,=,5#2926
height,<,161,age,>,65,sex,=,0,income,=,0,maritalstatus,=,1#5227
height,>,168,age,<,86,sex,=,1,income,=,0,nativecountry,=,6#771
height,>,174,age,<,85,sex,=,0,income,=,1,relationship,=,4#1112
height,>,180,age,<,41,sex,=,0,income,=,0,race,=,2#582
height,>,157,age,>,89,sex,=,1,income,=,0,occupation,=,0#20913
height,>,158,age,>,88,sex,=,1,income,=,1,relationship,=,3#8201
height,>,178,age,<,45,sex,=,0,income,=,0,maritalstatus,=,5#6065
height,<,174,age,<,20,sex,=,0,income,=,1,nativecountry,=,15#4956
height,>,162,age,>,45,sex,=,0,income,=,0,nativecountry,=,23#3016
height,<,163,age,>,21,sex,=,1,income,=,1,nativecountry,=,38#27709
height,>,160,age,<,49,sex,=,1,income,=,0,nativecountry,=,24#5
height,<,154,age,<,52,sex,=,0,income,=,1,maritalstatus,=,6#868
height,>,164,age,<,39,sex,=,1,income,=,0,race,=,4#669
height,>,154,age,>,59,sex,=,0,income,=,1,maritalstatus,=,3#1404
height,>,159,age,<,46,sex,=,1,income,=,0,hoursperweek,>,80#28537
height,<,173,age,>,84,sex,=,1,income,=,1,education,=,3#23515
height,<,157,age,<,46,sex,=,1,income,=,0,race,=,4#5473
height,<,160,age,<,38,sex,=,0,income,=,0,nativecountry,=,17#1056
height,<,176,age,<,72,sex,=,1,income,=,1,education,=,15#4639
height,<,179,age,>,65,sex,=,0,income,=,1,nativecountry,=,6#6926
height,>,156,age,>,78,sex,=,0,income,=,1,hoursperweek,<,55#3086
height,>,174,age,<,36,sex,=,0,income,=,1,nativecountry,=,23#4898
height,>,172,age,<,23,sex,=,0,income,=,1,maritalstatus,=,1#27803
height,<,166,age,>,59,sex,=,1,income,=,1,education,=,2#3806
height,>,177,age,>,24,sex,=,1,income,=,1,maritalstatus,=,0#12500
height,>,167,age,>,72,sex,=,0,income,=,0,race,=,4#9874
height,>,178,age,<,75,sex,=,0,income,=,1,nativecountry,=,17#16777
height,>,174,age,<,49,sex,=,1,income,=,0,maritalstatus,=,6#16908
height,<,161,age,>,34,sex,=,1,income,=,0,occupation,=,13#5591
height,<,162,age,>,61,sex,=,0,income,=,1,education,=,8#13518
height,<,156,age,<,43,sex,=,0,income,=,1,education,=,9#1408
height,>,170,age,>,66,sex,=,0,income,=,0,maritalstatus,=,4#4603
height,>,150,age,>,63,sex,=,1,income,=,0,race,=,4#8039
height,>,160,age,>,52,sex,=,1,income,=,0,nativecountry,=,18#350
height,>,150,age,>,24,sex,=,0,income,=,0,nativecountry,=,34#1970
height,<,179,age,>,57,sex,=,1,income,=,1,race,=,2#1778
height,<,176,age,>,35,sex,=,1,income,=,1,workclass,=,6#1084
height,>,179,age,<,84,sex,=,1,income,=,0,workclass,=,5#3736
height,<,171,age,<,50,sex,=,0,income,=,1,hoursperweek,>,75#5475
height,>,176,age,<,52,sex,=,0,income,=,0,occupation,=,5#5470
height,<,177,age,<,41,sex,=,0,income,=,1,hoursperweek,<,8#1558
height,<,157,age,<,59,sex,=,0,income,=,1,education,=,11#6165
height,<,170,age,>,18,sex,=,0,income,=,1,nativecountry,=,18#1469
height,<,154,age,<,81,sex,=,1,income,=,1,relationship,=,5#848
height,<,175,age,<,29,sex,=,0,income,=,1,nativecountry,=,14#2503
height,>,153,age,>,52,sex,=,0,income,=,0,nativecountry,=,18#5137
height,>,180,age,<,90,sex,=,0,income,=,1,relationship,=,4#5146
height,>,154,age,>,75,sex,=,0,income,=,0,occupation,=,10#9056
height,>,167,age,>,74,sex,=,1,income,=,0,hoursperweek,<,32#2982
height,>,164,age,>,77,sex,=,1,income,=,1,workclass,=,3#1904
height,<,151,age,<,33,sex,=,0,income,=,0,workclass,=,5#3356
height,>,158,age,<,21,sex,=,0,income,=,0,nativecountry,=,14#18190
height,>,153,age,>,76,sex,=,1,income,=,0,relationship,=,4#15306
height,>,177,age,<,76,sex,=,1,income,=,0,nativecountry,=,15#20138
height,>,169,age,>,68,sex,=,0,income,=,1,education,=,2#2465
height,<,180,age,>,85,sex,=,0,income,=,1,occupation,=,4#38878
height,>,152,age,>,65,sex,=,1,income,=,1,workclass,=,1#1384
height,<,171,age,<,19,sex,=,1,income,=,0,nativecountry,=,20#16268
height,>,174,age,<,52,sex,=,0,income,=,0,nativecountry,=,29#7938
height,<,176,age,>,61,sex,=,0,income,=,1,workclass,=,3#181
height,<,171,age,<,27,sex,=,0,income,=,1,maritalstatus,=,6#3466
height,>,167,age,>,61,sex,=,0,income,=,0,maritalstatus,=,6#11289
height,<,166,age,>,48,sex,=,1,income,=,1,workclass,=,2#1426
height,<,159,age,<,49,sex,=,1,income,=,1,nativecountry,=,39#49519
height,<,152,age,<,75,sex,=,1,income,=,1,workclass,=,4#7643
height,<,174,age,<,20,sex,=,0,income,=,0,education,=,13#3947
height,<,165,age,<,21,sex,=,1,income,=,0,education,=,4#1049
height,>,178,age,<,72,sex,=,1,income,=,0,race,=,2#4141
height,<,160,age,<,71,sex,=,0,income,=,1,occupation,=,13#3356
height,>,154,age,>,86,sex,=,0,income,=,0,maritalstatus,=,0#25523
height,>,158,age,>,62,sex,=,1,income,=,0,occupation,=,9#1353
height,<,151,age,<,42,sex,=,1,income,=,1,education,=,4#10042
height,<,178,age,>,81,sex,=,1,income,=,1,occupation,=,2#11031
height,<,165,age,>,75,sex,=,0,income,=,0,workclass,=,0#4405
height,<,165,age,>,66,sex,=,1,income,=,0,maritalstatus,=,6#45881
height,<,175,age,<,23,sex,=,0,income,=,0,race,=,1#3169
height,>,163,age,>,45,sex,=,1,income,=,0,nativecountry,=,16#8235
height,>,161,age,>,51,sex,=,1,income,=,0,maritalstatus,=,4#1217
height,<,172,age,>,84,sex,=,1,income,=,1,workclass,=,5#92115
height,>,167,age,<,50,sex,=,0,income,=,0,nativecountry,=,24#847
height,>,171,age,>,62,sex,=,0,income,=,1,nativecountry,=,13#27369
height,>,179,age,<,57,sex,=,0,income,=,0,hoursperweek,<,19#5022
height,<,172,age,>,35,sex,=,1,income,=,0,occupation,=,12#8427
height,>,158,age,>,85,sex,=,0,income,=,1,educationnum,>,17#40424
height,>,152,age,>,61,sex,=,1,income,=,0,education,=,7#424
height,<,176,age,<,53,sex,=,0,income,=,1,nativecountry,=,40#17509
height,>,180,age,<,36,sex,=,0,income,=,0,occupation,=,8#6437
height,>,173,age,>,31,sex,=,1,income,=,1,nativecountry,=,38#12718
height,>,157,age,>,58,sex,=,1,income,=,1,maritalstatus,=,3#3759
height,>,165,age,>,67,sex,=,0,income,=,0,workclass,=,6#135018
height,<,168,age,<,81,sex,=,0,income,=,0,maritalstatus,=,6#881
height,>,152,age,>,36,sex,=,1,income,=,0,occupation,=,12#10931
height,>,160,age,>,85,sex,=,1,income,=,1,race,=,0#5535
height,<,173,age,>,45,sex,=,1,income,=,0,nativecountry,=,27#2514
height,>,172,age,>,73,sex,=,1,income,=,1,occupation,=,4#22515
height,<,175,age,<,19,sex,=,1,income,=,0,education,=,14#729
height,<,164,age,<,73,sex,=,0,income,=,0,hoursperweek,>,72#559
height,>,168,age,<,29,sex,=,0,income,=,0,education,=,12#2333
height,<,154,age,<,90,sex,=,0,income,=,0,education,=,11#5721
height,<,159,age,<,32,sex,=,1,income,=,0,education,=,12#1786
height,>,169,age,>,80,sex,=,0,income,=,1,relationship,=,4#5017
height,>,171,age,<,68,sex,=,1,income,=,0,nativecountry,=,39#14010
height,<,161,age,>,66,sex,=,0,income,=,1,race,=,2#9446
height,>,166,age,<,64,sex,=,0,income,=,0,nativecountry,=,10#5305
height,<,152,age,<,39,sex,=,1,income,=,1,educationnum,>,2#1796
height,>,153,age,>,52,sex,=,1,income,=,0,relationship,=,5#387
height,<,153,age,<,56,sex,=,1,income,=,0,workclass,=,4#11677
height,<,164,age,>,70,sex,=,0,income,=,1,nativecountry,=,20#69697
height,>,174,age,<,42,sex,=,0,income,=,0,nativecountry,=,28#10064
height,<,157,age,<,79,sex,=,1,income,=,1,nativecountry,=,33#8165
height,<,161,age,<,37,sex,=,0,income,=,1,nativecountry,=,27#3677
height,>,156,age,<,27,sex,=,0,income,=,1,education,=,13#510
height,<,166,age,>,30,sex,=,1,income,=,0,education,=,14#3492
height,>,180,age,>,23,sex,=,0,income,=,0,educationnum,<,2#6833
height,>,152,age,>,74,sex,=,0,income,=,0,workclass,=,1#535
height,<,178,age,>,58,sex,=,1,income,=,0,maritalstatus,=,6#18571
height,>,151,age,>,73,sex,=,0,income,=,0,education,=,3#2544
height,>,169,age,<,78,sex,=,0,income,=,0,hoursperweek,>,74#413
height,<,154,age,<,61,sex,=,1,income,=,1,hoursperweek,<,32#1924
height,<,159,age,<,37,sex,=,1,income,=,0,occupation,=,13#21810
height,<,163,age,>,26,sex,=,0,income,=,0,nativecountry,=,24#972
height,>,156,age,>,69,sex,=,1,income,=,0,race,=,2#1622
height,<,171,age,<,34,sex,=,0,income,=,1,nativecountry,=,13#1950
height,<,161,age,<,22,sex,=,1,income,=,1,occupation,=,12#23356
height,<,156,age,<,84,sex,=,1,income,=,0,occupation,=,8#4841
height,>,164,age,<,58,sex,=,1,income,=,0,occupation,=,13#267
height,>,164,age,>,75,sex,=,0,income,=,1,hoursperweek,>,32#7488
height,<,177,age,>,87,sex,=,0,income,=,1,workclass,=,0#15856
height,>,168,age,>,73,sex,=,0,income,=,0,education,=,3#2207
height,>,155,age,<,47,sex,=,1,income,=,1,nativecountry,=,35#1857
height,>,175,age,<,37,sex,=,0,income,=,0,maritalstatus,=,3#222
height,>,150,age,<,40,sex,=,1,income,=,0,workclass,=,6#193
height,<,166,age,>,64,sex,=,0,income,=,1,workclass,=,6#7453
height,>,176,age,<,32,sex,=,1,income,=,1,education,=,12#6658
height,>,172,age,>,83,sex,=,0,income,=,0,workclass,=,3#27766
height,>,176,age,<,30,sex,=,1,income,=,0,workclass,=,5#22479
height,>,162,age,<,31,sex,=,1,income,=,1,relationship,=,5#726
height,<,175,age,>,74,sex,=,1,income,=,1,occupation,=,2#6041
height,<,155,age,<,80,sex,=,0,income,=,0,race,=,1#1754
height,<,159,age,<,67,sex,=,0,income,=,0,nativecountry,=,11#193
height,<,175,age,>,63,sex,=,1,income,=,0,education,=,12#613
height,>,164,age,<,24,sex,=,1,income,=,0,relationship,=,3#7636
height,>,170,age,>,63,sex,=,0,income,=,1,race,=,3#4133
height,>,173,age,<,36,sex,=,1,income,=,1,race,=,2#3337
height,<,161,age,>,75,sex,=,1,income,=,0,relationship,=,3#60089
height,<,176,age,<,33,sex,=,0,income,=,0,nativecountry,=,12#178
height,>,155,age,>,44,sex,=,1,income,=,0,race,=,4#231
height,<,162,age,<,59,sex,=,0,income,=,1,nativecountry,=,4#9307
height,<,179,age,>,63,sex,=,1,income,=,1,maritalstatus,=,1#2873
height,<,176,age,>,71,sex,=,1,income,=,1,education,=,14#23446
height,>,180,age,>,29,sex,=,0,income,=,0,relationship,=,2#80171
height,>,170,age,>,36,sex,=,0,income,=,1,maritalstatus,=,6#14640
height,>,169,age,<,83,sex,=,1,income,=,1,race,=,1#2595
height,<,175,age,>,82,sex,=,0,income,=,1,relationship,=,1#23614
height,>,152,age,>,24,sex,=,0,income,=,1,nativecountry,=,3#3250
height,<,174,age,>,61,sex,=,1,income,=,0,nativecountry,=,6#1386
height,>,160,age,<,83,sex,=,1,income,=,1,maritalstatus,=,6#4021
height,>,170,age,>,66,sex,=,1,income,=,0,workclass,=,6#9495
height,>,168,age,<,22,sex,=,1,income,=,0,relationship,=,2#9586
height,>,156,age,>,53,sex,=,1,income,=,0,education,=,11#3311
height,<,166,age,>,67,sex,=,1,income,=,0,relationship,=,1#2037
height,>,171,age,>,71,sex,=,1,income,=,1,maritalstatus,=,1#126
height,<,179,age,>,54,sex,=,0,income,=,1,workclass,=,6#14325
height,>,156,age,>,34,sex,=,0,income,=,0,occupation,=,12#7606
height,>,171,age,>,63,sex,=,1,income,=,1,workclass,=,4#4750
height,<,166,age,>,56,sex,=,0,income,=,1,nativecountry,=,33#13054
height,<,165,age,<,81,sex,=,0,income,=,0,nativecountry,=,7#102
height,<,156,age,>,18,sex,=,0,income,=,1,race,=,1#96599
height,<,168,age,>,23,sex,=,1,income,=,1,race,=,4#1103
height,>,170,age,>,35,sex,=,1,income,=,1,workclass,=,5#1291
height,<,158,age,<,69,sex,=,0,income,=,1,occupation,=,11#2332
height,>,179,age,<,64,sex,=,0,income,=,0,hoursperweek,<,15#8485
height,<,161,age,<,48,sex,=,1,income,=,1,maritalstatus,=,3#2563
height,>,150,age,<,37,sex,=,1,income,=,1,nativecountry,=,14#1964
height,>,167,age,<,33,sex,=,1,income,=,1,workclass,=,4#6647
height,<,157,age,<,38,sex,=,0,income,=,1,occupation,=,5#3348
height,>,175,age,<,37,sex,=,1,income,=,1,occupation,=,12#34699
height,>,165,age,>,72,sex,=,0,income,=,0,occupation,=,8#3241
height,>,156,age,>,65,sex,=,0,income,=,0,relationship,=,5#3814
height,<,156,age,<,32,sex,=,1,income,=,1,nativecountry,=,19#9402
height,>,167,age,>,82,sex,=,0,income,=,1,workclass,=,1#50253
height,>,152,age,>,89,sex,=,0,income,=,0,occupation,=,5#30030
height,<,153,age,<,66,sex,=,0,income,=,1,race,=,4#10209
height,>,153,age,>,77,sex,=,1,income,=,0,education,=,8#28359
height,>,161,age,>,77,sex,=,0,income,=,0,educationnum,<,11#4696
height,>,155,age,>,31,sex,=,1,income,=,0,occupation,=,13#668
height,<,165,age,<,44,sex,=,0,income,=,1,nativecountry,=,15#4144
height,<,175,age,>,41,sex,=,1,income,=,1,nativecountry,=,5#7760
height,>,175,age,<,82,sex,=,1,income,=,0,workclass,=,1#5091
height,>,169,age,<,47,sex,=,1,income,=,1,maritalstatus,=,5#830
height,<,152,age,<,81,sex,=,0,income,=,1,nativecountry,=,4#34784
height,<,169,age,>,84,sex,=,0,income,=,1,education,=,0#189
height,<,175,age,>,77,sex,=,1,income,=,0,educationnum,>,13#1258
height,>,174,age,<,87,sex,=,1,income,=,0,education,=,13#5816
height,<,158,age,<,80,sex,=,1,income,=,0,nativecountry,=,23#7957
height,<,156,age,<,51,sex,=,1,income,=,0,education,=,15#25295
height,<,167,age,<,74,sex,=,1,income,=,0,nativecountry,=,34#1676
height,<,152,age,<,83,sex,=,0,income,=,1,workclass,=,3#1650
height,>,162,age,<,23,sex,=,0,income,=,1,race,=,4#8541
height,<,159,age,<,49,sex,=,1,income,=,1,nativecountry,=,13#3923
height,>,152,age,>,81,sex,=,1,income,=,1,educationnum,<,12#8915
height,>,154,age,<,79,sex,=,0,income,=,0,maritalstatus,=,6#160
height,<,162,age,>,56,sex,=,0,income,=,1,workclass,=,6#7300
height,>,164,age,>,86,sex,=,1,income,=,0,relationship,=,2#26233
height,>,168,age,>,49,sex,=,1,income,=,0,nativecountry,=,39#208
height,<,170,age,<,20,sex,=,1,income,=,0,nativecountry,=,23#2209
height,>,169,age,>,70,sex,=,1,income,=,1,race,=,0#439
height,>,165,age,>,65,sex,=,1,income,=,1,education,=,14#18555
height,<,163,age,<,68,sex,=,1,income,=,0,education,=,15#1832
height,<,161,age,>,79,sex,=,0,income,=,0,hoursperweek,>,46#18195
height,<,160,age,<,78,sex,=,0,income,=,0,nativecountry,=,1#105
height,>,154,age,>,47,sex,=,1,income,=,1,race,=,3#1436
height,>,162,age,>,63,sex,=,0,income,=,1,nativecountry,=,37#17021
height,>,172,age,>,35,sex,=,1,income,=,0,education,=,8#6190
height,>,174,age,<,76,sex,=,1,income,=,1,nativecountry,=,32#112227
height,>,177,age,<,71,sex,=,1,income,=,1,education,=,13#709
height,<,162,age,<,71,sex,=,1,income,=,0,nativecountry,=,12#5113
height,<,158,age,<,70,sex,=,1,income,=,0,race,=,3#2579
height,<,178,age,>,30,sex,=,0,income,=,1,maritalstatus,=,6#3567
height,>,153,age,>,86,sex,=,1,income,=,0,hoursperweek,>,40#47
height,<,152,age,<,82,sex,=,0,income,=,0,hoursperweek,>,68#10367
height,<,154,age,<,32,sex,=,1,income,=,0,occupation,=,5#6087
height,<,169,age,>,69,sex,=,0,income,=,0,workclass,=,5#4713
height,>,173,age,<,89,sex,=,0,income,=,0,nativecountry,=,27#1086
height,>,160,age,>,65,sex,=,1,income,=,1,nativecountry,=,25#9127
height,>,156,age,<,56,sex,=,0,income,=,0,nativecountry,=,39#4005
height,>,161,age,>,79,sex,=,0,income,=,0,educationnum,<,7#11247
height,>,176,age,>,22,sex,=,0,income,=,1,nativecountry,=,28#7378
height,>,158,age,>,42,sex,=,0,income,=,0,nativecountry,=,31#1580
height,>,162,age,>,47,sex,=,0,income,=,1,nativecountry,=,7#3782
height,<,163,age,<,31,sex,=,1,income,=,1,nativecountry,=,28#685
height,>,172,age,>,35,sex,=,1,income,=,1,nativecountry,=,7#3018
height,<,163,age,<,34,sex,=,1,income,=,0,education,=,7#850
height,<,156,age,<,53,sex,=,1,income,=,0,race,=,4#8612
height,>,171,age,>,68,sex,=,1,income,=,0,race,=,0#2608
height,>,155,age,>,86,sex,=,0,income,=,0,race,=,0#27700
height,<,157,age,<,20,sex,=,1,income,=,0,relationship,=,3#37547
height,>,165,age,>,76,sex,=,1,income,=,0,workclass,=,4#152
height,>,180,age,<,62,sex,=,0,income,=,1,education,=,6#241
height,<,172,age,>,65,sex,=,0,income,=,0,education,=,8#10202
height,>,162,age,>,77,sex,=,1,income,=,1,occupation,=,10#7806
height,>,150,age,<,44,sex,=,0,income,=,0,nativecountry,=,34#1844
height,<,173,age,>,86,sex,=,1,income,=,0,race,=,2#29486
height,<,151,age,<,59,sex,=,0,income,=,1,education,=,14#34718
height,<,176,age,>,88,sex,=,1,income,=,1,educationnum,>,13#4132
height,<,181,age,>,62,sex,=,1,income,=,0,workclass,=,4#1100
height,>,152,age,>,28,sex,=,1,income,=,1,nativecountry,=,33#5338
height,<,172,age,>,77,sex,=,0,income,=,0,race,=,1#46619
height,<,180,age,>,81,sex,=,1,income,=,0,maritalstatus,=,3#1145
height,>,150,age,<,88,sex,=,0,income,=,1,nativecountry,=,14#691
height,<,154,age,<,87,sex,=,1,income,=,1,nativecountry,=,34#16746
height,<,168,age,>,51,sex,=,1,income,=,0,occupation,=,11#487
height,<,164,age,<,87,sex,=,1,income,=,1,nativecountry,=,5#2416
height,>,166,age,<,82,sex,=,1,income,=,1,nativecountry,=,5#1762
height,>,154,age,<,36,sex,=,1,income,=,1,maritalstatus,=,5#1063
height,<,179,age,<,22,sex,=,1,income,=,0,nativecountry,=,22#22675
height,>,164,age,>,68,sex,=,0,income,=,1,relationship,=,0#3966
height,<,179,age,>,72,sex,=,0,income,=,0,race,=,1#3862
height,<,161,age,<,70,sex,=,1,income,=,0,nativecountry,=,20#3623
height,>,151,age,>,56,sex,=,1,income,=,1,race,=,2#1448
height,>,155,age,>,54,sex,=,1,income,=,0,nativecountry,=,3#4397
height,<,153,age,<,63,sex,=,1,income,=,1,occupation,=,7#4007
height,>,156,age,>,32,sex,=,1,income,=,1,race,=,1#1057
height,<,177,age,>,43,sex,=,1,income,=,1,education,=,14#1623
height,>,179,age,<,71,sex,=,1,income,=,1,hoursperweek,>,11#6081
height,<,154,age,<,22,sex,=,1,income,=,0,nativecountry,=,12#56873
height,<,171,age,>,86,sex,=,0,income,=,1,workclass,=,5#11320
height,>,170,age,>,69,sex,=,0,income,=,1,race,=,1#9605
height,<,173,age,>,81,sex,=,0,income,=,0,education,=,3#1704
height,>,157,age,<,35,sex,=,1,income,=,1,nativecountry,=,10#2517
height,<,167,age,<,40,sex,=,0,income,=,0,nativecountry,=,35#5925
height,>,165,age,>,32,sex,=,1,income,=,0,race,=,1#1959
height,<,158,age,<,86,sex,=,1,income,=,0,occupation,=,5#670
height,<,165,age,<,34,sex,=,1,income,=,1,maritalstatus,=,4#5195
height,>,179,age,>,23,sex,=,1,income,=,0,relationship,=,2#5237
height,<,161,age,<,48,sex,=,1,income,=,1,race,=,1#8199
height,<,151,age,<,21,sex,=,0,income,=,0,education,=,7#47402
height,>,153,age,<,47,sex,=,0,income,=,0,nativecountry,=,19#2065
height,<,180,age,>,72,sex,=,0,income,=,1,hoursperweek,<,44#601
height,>,161,age,>,69,sex,=,0,income,=,1,workclass,=,5#3313
height,<,154,age,<,80,sex,=,1,income,=,1,education,=,13#10199
height,<,175,age,>,84,sex,=,1,income,=,1,relationship,=,2#16730
height,<,163,age,>,76,sex,=,1,income,=,0,hoursperweek,<,25#8861
height,<,178,age,>,54,sex,=,0,income,=,1,nativecountry,=,24#2985
height,<,169,age,>,52,sex,=,0,income,=,1,race,=,1#818
height,<,176,age,<,68,sex,=,1,income,=,0,occupation,=,13#208
height,<,161,age,<,39,sex,=,1,income,=,0,race,=,3#2430
height,<,153,age,<,72,sex,=,0,income,=,0,education,=,7#712
height,>,160,age,>,78,sex,=,1,income,=,0,hoursperweek,>,21#4953
height,<,153,age,<,69,sex,=,0,income,=,1,relationship,=,3#4628
height,<,157,age,<,22,sex,=,0,income,=,0,race,=,3#29181
height,<,155,age,>,18,sex,=,1,income,=,1,workclass,=,3#131616
height,<,154,age,<,88,sex,=,0,income,=,0,education,=,13#3007
height,<,180,age,<,20,sex,=,0,income,=,1,race,=,4#804
height,<,161,age,>,37,sex,=,0,income,=,1,occupation,=,10#393
height,<,169,age,>,80,sex,=,1,income,=,0,workclass,=,5#26133
height,<,154,age,<,87,sex,=,1,income,=,0,workclass,=,5#6697
height,>,170,age,>,29,sex,=,1,income,=,1,hoursperweek,>,68#93
height,<,159,age,>,19,sex,=,0,income,=,1,education,=,4#50154
height,<,181,age,>,70,sex,=,1,income,=,1,workclass,=,0#3331
height,<,158,age,>,20,sex,=,0,income,=,1,relationship,=,4#85654
height,>,174,age,<,74,sex,=,0,income,=,1,workclass,=,5#1137
height,>,152,age,>,75,sex,=,0,income,=,1,occupation,=,10#10052
height,<,154,age,<,21,sex,=,0,income,=,1,nativecountry,=,25#58113
height,>,165,age,>,62,sex,=,0,income,=,0,occupation,=,12#20297
height,>,156,age,>,82,sex,=,1,income,=,0,workclass,=,5#23433
height,>,154,age,>,46,sex,=,1,income,=,1,maritalstatus,=,3#407
height,>,155,age,>,72,sex,=,0,income,=,0,workclass,=,6#20011
height,<,179,age,>,28,sex,=,1,income,=,1,workclass,=,6#628
height,<,162,age,<,88,sex,=,0,income,=,0,education,=,9#791
height,<,157,age,<,49,sex,=,0,income,=,0,education,=,10#1082
height,<,165,age,>,79,sex,=,0,income,=,1,workclass,=,0#4411
height,<,179,age,>,64,sex,=,1,income,=,0,race,=,4#1451
height,>,150,age,>,79,sex,=,0,income,=,0,workclass,=,5#164
height,>,179,age,<,32,sex,=,1,income,=,1,maritalstatus,=,2#7178
height,>,151,age,>,73,sex,=,0,income,=,1,education,=,9#6815
height,<,179,age,>,83,sex,=,0,income,=,0,educationnum,>,18#8616
height,<,161,age,>,88,sex,=,1,income,=,1,workclass,=,0#52301
height,<,175,age,>,78,sex,=,0,income,=,1,relationship,=,4#4335
height,>,161,age,>,52,sex,=,0,income,=,1,workclass,=,4#50
height,<,162,age,>,46,sex,=,1,income,=,0,occupation,=,6#3189
height,<,161,age,>,69,sex,=,0,income,=,0,occupation,=,1#17520
height,<,165,age,<,21,sex,=,1,income,=,1,maritalstatus,=,4#5785
height,<,175,age,>,29,sex,=,1,income,=,1,race,=,1#466
height,>,169,age,<,54,sex,=,1,income,=,0,nativecountry,=,15#3087
height,<,172,age,>,77,sex,=,0,income,=,0,education,=,6#11680
height,>,168,age,>,57,sex,=,1,income,=,1,maritalstatus,=,1#3403
height,>,168,age,>,89,sex,=,1,income,=,0,educationnum,>,2#13864
height,<,166,age,>,24,sex,=,1,income,=,0,hoursperweek,>,75#810
height,>,167,age,<,24,sex,=,1,income,=,1,relationship,=,3#17362
height,>,155,age,>,43,sex,=,1,income,=,1,nativecountry,=,12#17488
